Year,Observation status,Unit multiplier,Nature of data points,Source details,Frequency of observation,Reporting type,SERIES,Reference area,Sex,UNIT_MEASURE,Value
2015,Normal value,Units,Not Available,A,Annual,National,Internet users per 100 inhabitants [17.8.1],Lao People's Democratic Republic,,Percent,28.1
2015,Normal value,Units,Not Available,A,Annual,National,Internet users per 100 inhabitants [17.8.1],Lao People's Democratic Republic,Male,Percent,28.3
2015,Normal value,Units,Not Available,A,Annual,National,Internet users per 100 inhabitants [17.8.1],Lao People's Democratic Republic,Female,Percent,27.9
2016,Normal value,Units,Not Available,A,Annual,National,Internet users per 100 inhabitants [17.8.1],Lao People's Democratic Republic,,Percent,19.0
2017,Normal value,Units,Not Available,A,Annual,National,Internet users per 100 inhabitants [17.8.1],Lao People's Democratic Republic,,Percent,26.0
2018,Normal value,Units,Not Available,A,Annual,National,Internet users per 100 inhabitants [17.8.1],Lao People's Democratic Republic,,Percent,37.0
2019,Normal value,Units,Not Available,A,Annual,National,Internet users per 100 inhabitants [17.8.1],Lao People's Democratic Republic,,Percent,49.0
