Year,Observation status,Unit multiplier,Nature of data points,Source details,Frequency of observation,Reporting type,SERIES,Reference area,UNIT_MEASURE,Value
2015,Normal value,Units,Not Available,"Ministry of Labor and Social Welfare, http://www.molsw.gov.la/",Annual,National,Proportion of registered active age UXO survivors unable to earn sufficient income with access to basic income security [18.3.1 ],Lao People's Democratic Republic,Percent,95.84
2016,Normal value,Units,Not Available,"Ministry of Labor and Social Welfare, http://www.molsw.gov.la/",Annual,National,Proportion of registered active age UXO survivors unable to earn sufficient income with access to basic income security [18.3.1 ],Lao People's Democratic Republic,Percent,95.56
2017,Normal value,Units,Not Available,"Ministry of Labor and Social Welfare, http://www.molsw.gov.la/",Annual,National,Proportion of registered active age UXO survivors unable to earn sufficient income with access to basic income security [18.3.1 ],Lao People's Democratic Republic,Percent,95.03
2018,Normal value,Units,Not Available,"Ministry of Labor and Social Welfare, http://www.molsw.gov.la/",Annual,National,Proportion of registered active age UXO survivors unable to earn sufficient income with access to basic income security [18.3.1 ],Lao People's Democratic Republic,Percent,94.51
2019,Normal value,Units,Not Available,"Ministry of Labor and Social Welfare, http://www.molsw.gov.la/",Annual,National,Proportion of registered active age UXO survivors unable to earn sufficient income with access to basic income security [18.3.1 ],Lao People's Democratic Republic,Percent,94.52
2020,Normal value,Units,Not Available,"Ministry of Labor and Social Welfare, http://www.molsw.gov.la/",Annual,National,Proportion of registered active age UXO survivors unable to earn sufficient income with access to basic income security [18.3.1 ],Lao People's Democratic Republic,Percent,94.2
