Year,Observation status,Unit multiplier,Nature of data points,Source details,Frequency of observation,Reporting type,SERIES,Reference area,UNIT_MEASURE,Value
2015,Normal value,Units,Not Available,"Ministry of Agriculture and Forestry, http://www.maf.gov.la",Annual,National,Agriculture share of Government Expenditure [2.a.1],Lao People's Democratic Republic,Percent,158.56
2016,Normal value,Units,Not Available,"Ministry of Agriculture and Forestry, http://www.maf.gov.la",Annual,National,Agriculture share of Government Expenditure [2.a.1],Lao People's Democratic Republic,Percent,188.77
2017,Normal value,Units,Not Available,"Ministry of Agriculture and Forestry, http://www.maf.gov.la",Annual,National,Agriculture share of Government Expenditure [2.a.1],Lao People's Democratic Republic,Percent,271.19
2018,Normal value,Units,Not Available,"Ministry of Agriculture and Forestry, http://www.maf.gov.la",Annual,National,Agriculture share of Government Expenditure [2.a.1],Lao People's Democratic Republic,Percent,244.43
2019,Normal value,Units,Not Available,"Ministry of Agriculture and Forestry, http://www.maf.gov.la",Annual,National,Agriculture share of Government Expenditure [2.a.1],Lao People's Democratic Republic,Percent,178.56
