Year,Observation status,Unit multiplier,Nature of data points,Source details,Frequency of observation,Reporting type,SERIES,Reference area,UNIT_MEASURE,Value
2015,Normal value,Units,Not Available,"Ministry of Industry and Commerce, http://www.erm.gov.la/index.php",Annual,National,Indicator of Food Price Anomalies (IFPA) [2.c.1],Lao People's Democratic Republic,Number,39
2017,Normal value,Units,Not Available,"Ministry of Industry and Commerce, http://www.erm.gov.la/index.php",Annual,National,Indicator of Food Price Anomalies (IFPA) [2.c.1],Lao People's Democratic Republic,Number,39
2018,Normal value,Units,Not Available,"Ministry of Industry and Commerce, http://www.erm.gov.la/index.php",Annual,National,Indicator of Food Price Anomalies (IFPA) [2.c.1],Lao People's Democratic Republic,Number,39
2019,Normal value,Units,Not Available,"Ministry of Industry and Commerce, http://www.erm.gov.la/index.php",Annual,National,Indicator of Food Price Anomalies (IFPA) [2.c.1],Lao People's Democratic Republic,Number,39
