Year,Observation status,Unit multiplier,Nature of data points,Source details,Frequency of observation,Reporting type,SERIES,Reference area,UNIT_MEASURE,Value
2015,Normal value,Units,Not Available,"Lao Statistics Bureau, Survey-(PHC), https://www.lsb.gov.la/",Annual,National,Maternal mortality ratio [3.1.1],Lao People's Democratic Republic,"Per 100,000 population",206
2016,Normal value,Units,Not Available,"Lao Statistics Bureau, Survey-(PHC), https://www.lsb.gov.la/",Annual,National,Maternal mortality ratio [3.1.1],Lao People's Democratic Republic,"Per 100,000 population",196
2017,Normal value,Units,Not Available,"Lao Statistics Bureau, Survey-(PHC), https://www.lsb.gov.la/",Annual,National,Maternal mortality ratio [3.1.1],Lao People's Democratic Republic,"Per 100,000 population",185
2018,Normal value,Units,Not Available,"Lao Statistics Bureau, Survey-(PHC), https://www.lsb.gov.la/",Annual,National,Maternal mortality ratio [3.1.1],Lao People's Democratic Republic,"Per 100,000 population",72
2019,Normal value,Units,Not Available,"Lao Statistics Bureau, Survey-(PHC), https://www.lsb.gov.la/",Annual,National,Maternal mortality ratio [3.1.1],Lao People's Democratic Republic,"Per 100,000 population",70
