Year,Observation status,Unit multiplier,Nature of data points,Source details,Frequency of observation,Reporting type,SERIES,Reference area,UNIT_MEASURE,Value
2015,Normal value,Units,Not Available,"Ministry of Health, https://moh.gov.la/",Annual,National,"Malaria incidence per 1,000 population at risk [3.3.3]",Lao People's Democratic Republic,"Per 1,000 population",4.9
2016,Normal value,Units,Not Available,"Ministry of Health, https://moh.gov.la/",Annual,National,"Malaria incidence per 1,000 population at risk [3.3.3]",Lao People's Democratic Republic,"Per 1,000 population",7.8
2017,Normal value,Units,Not Available,"Ministry of Health, https://moh.gov.la/",Annual,National,"Malaria incidence per 1,000 population at risk [3.3.3]",Lao People's Democratic Republic,"Per 1,000 population",5.6
2018,Normal value,Units,Not Available,"Ministry of Health, https://moh.gov.la/",Annual,National,"Malaria incidence per 1,000 population at risk [3.3.3]",Lao People's Democratic Republic,"Per 1,000 population",4.2
