Year,Observation status,Unit multiplier,Nature of data points,Source details,Frequency of observation,Reporting type,SERIES,Reference area,Degree of urbanisation,Income or wealth quantile,UNIT_MEASURE,Value
2013,Normal value,Units,Not Available,"Lao Statistics Bureau, Survey-(LSIS), https://www.lsb.gov.la/",Annual,National,Proportion of women married or in a union of reproductive age (aged 15-49 years) who have their need for family planning satisfied with modern methods [3.7.1],Lao People's Democratic Republic,,,Percent,61.3
2017,Normal value,Units,Not Available,"Lao Statistics Bureau, Survey-(LSIS), https://www.lsb.gov.la/",Annual,National,Proportion of women married or in a union of reproductive age (aged 15-49 years) who have their need for family planning satisfied with modern methods [3.7.1],Lao People's Democratic Republic,,,Percent,71.7
2017,Normal value,Units,Not Available,"Lao Statistics Bureau, Survey-(LSIS), https://www.lsb.gov.la/",Annual,National,Proportion of women married or in a union of reproductive age (aged 15-49 years) who have their need for family planning satisfied with modern methods [3.7.1],Lao People's Democratic Republic,Urban,,Percent,66.6
2017,Normal value,Units,Not Available,"Lao Statistics Bureau, Survey-(LSIS), https://www.lsb.gov.la/",Annual,National,Proportion of women married or in a union of reproductive age (aged 15-49 years) who have their need for family planning satisfied with modern methods [3.7.1],Lao People's Democratic Republic,Rural,,Percent,74.1
2017,Normal value,Units,Not Available,"Lao Statistics Bureau, Survey-(LSIS), https://www.lsb.gov.la/",Annual,National,Proportion of women married or in a union of reproductive age (aged 15-49 years) who have their need for family planning satisfied with modern methods [3.7.1],Lao People's Democratic Republic,,Quintile 1 (poorest),Percent,67.6
2017,Normal value,Units,Not Available,"Lao Statistics Bureau, Survey-(LSIS), https://www.lsb.gov.la/",Annual,National,Proportion of women married or in a union of reproductive age (aged 15-49 years) who have their need for family planning satisfied with modern methods [3.7.1],Lao People's Democratic Republic,,Quintile 2,Percent,73.9
2017,Normal value,Units,Not Available,"Lao Statistics Bureau, Survey-(LSIS), https://www.lsb.gov.la/",Annual,National,Proportion of women married or in a union of reproductive age (aged 15-49 years) who have their need for family planning satisfied with modern methods [3.7.1],Lao People's Democratic Republic,,Quintile 3,Percent,75.0
2017,Normal value,Units,Not Available,"Lao Statistics Bureau, Survey-(LSIS), https://www.lsb.gov.la/",Annual,National,Proportion of women married or in a union of reproductive age (aged 15-49 years) who have their need for family planning satisfied with modern methods [3.7.1],Lao People's Democratic Republic,,Quintile 4,Percent,75.5
2017,Normal value,Units,Not Available,"Lao Statistics Bureau, Survey-(LSIS), https://www.lsb.gov.la/",Annual,National,Proportion of women married or in a union of reproductive age (aged 15-49 years) who have their need for family planning satisfied with modern methods [3.7.1],Lao People's Democratic Republic,,Quintile 5 (richest),Percent,65.9
