Year,Observation status,Unit multiplier,Nature of data points,Source details,Frequency of observation,Reporting type,SERIES,Reference area,Sex,Education level,UNIT_MEASURE,Value
2017,Normal value,Units,Not Available,"Ministry of Education and Sports, http://www.moes.edu.la/",Annual,National,"Completion rate, by sex, location, wealth quintile and education level (%) [4.1.2]",Lao People's Democratic Republic,,Primary education,Percent,105.4
2017,Normal value,Units,Not Available,"Ministry of Education and Sports, http://www.moes.edu.la/",Annual,National,"Completion rate, by sex, location, wealth quintile and education level (%) [4.1.2]",Lao People's Democratic Republic,,Lower secondary general education,Percent,72.6
2017,Normal value,Units,Not Available,"Ministry of Education and Sports, http://www.moes.edu.la/",Annual,National,"Completion rate, by sex, location, wealth quintile and education level (%) [4.1.2]",Lao People's Democratic Republic,Male,Lower secondary general education,Percent,70.3
2017,Normal value,Units,Not Available,"Ministry of Education and Sports, http://www.moes.edu.la/",Annual,National,"Completion rate, by sex, location, wealth quintile and education level (%) [4.1.2]",Lao People's Democratic Republic,Female,Lower secondary general education,Percent,74.9
2017,Normal value,Units,Not Available,"Ministry of Education and Sports, http://www.moes.edu.la/",Annual,National,"Completion rate, by sex, location, wealth quintile and education level (%) [4.1.2]",Lao People's Democratic Republic,,Upper secondary general education,Percent,45.2
2017,Normal value,Units,Not Available,"Ministry of Education and Sports, http://www.moes.edu.la/",Annual,National,"Completion rate, by sex, location, wealth quintile and education level (%) [4.1.2]",Lao People's Democratic Republic,Male,Upper secondary general education,Percent,47.4
2017,Normal value,Units,Not Available,"Ministry of Education and Sports, http://www.moes.edu.la/",Annual,National,"Completion rate, by sex, location, wealth quintile and education level (%) [4.1.2]",Lao People's Democratic Republic,Female,Upper secondary general education,Percent,42.9
