Year,Observation status,Unit multiplier,Nature of data points,Source details,Frequency of observation,Reporting type,SERIES,Reference area,Education level,UNIT_MEASURE,Value
2015,Normal value,Units,Not Available,"Ministry of Education and Sports, http://www.moes.edu.la/",Annual,National,Children over-age for grade,Lao People's Democratic Republic,Primary education,Percent,16.7
2015,Normal value,Units,Not Available,"Ministry of Education and Sports, http://www.moes.edu.la/",Annual,National,Children over-age for grade,Lao People's Democratic Republic,Lower secondary general education,Percent,26.2
2016,Normal value,Units,Not Available,"Ministry of Education and Sports, http://www.moes.edu.la/",Annual,National,Children over-age for grade,Lao People's Democratic Republic,Primary education,Percent,14.2
2016,Normal value,Units,Not Available,"Ministry of Education and Sports, http://www.moes.edu.la/",Annual,National,Children over-age for grade,Lao People's Democratic Republic,Lower secondary general education,Percent,28.4
2017,Normal value,Units,Not Available,"Ministry of Education and Sports, http://www.moes.edu.la/",Annual,National,Children over-age for grade,Lao People's Democratic Republic,Primary education,Percent,12.7
2017,Normal value,Units,Not Available,"Ministry of Education and Sports, http://www.moes.edu.la/",Annual,National,Children over-age for grade,Lao People's Democratic Republic,Lower secondary general education,Percent,24.1
2018,Normal value,Units,Not Available,"Ministry of Education and Sports, http://www.moes.edu.la/",Annual,National,Children over-age for grade,Lao People's Democratic Republic,Primary education,Percent,10.6
2018,Normal value,Units,Not Available,"Ministry of Education and Sports, http://www.moes.edu.la/",Annual,National,Children over-age for grade,Lao People's Democratic Republic,Lower secondary general education,Percent,9.2
