Year,Observation status,Unit multiplier,Nature of data points,Source details,Frequency of observation,Reporting type,SERIES,Reference area,UNIT_MEASURE,Value
2016,Normal value,Units,Not Available,"Ministry of Home Affaires, http://www.moha.gov.la/",Annual,National,"Percentage of women in decision making positions /leadership positions in government sector by central, province and district in the following positions_Deputy Division Head",Lao People's Democratic Republic,Percent,22.96
2016,Normal value,Units,Not Available,"Ministry of Home Affaires, http://www.moha.gov.la/",Annual,National,"Percentage of women in decision making positions /leadership positions in government sector by central, province and district in the following positions_ Division Head",Lao People's Democratic Republic,Percent,17.79
2016,Normal value,Units,Not Available,"Ministry of Home Affaires, http://www.moha.gov.la/",Annual,National,"Percentage of women in decision making positions /leadership positions in government sector by central, province and district in the following positions_Deputy Department General",Lao People's Democratic Republic,Percent,16.03
2016,Normal value,Units,Not Available,"Ministry of Home Affaires, http://www.moha.gov.la/",Annual,National,"Percentage of women in decision making positions /leadership positions in government sector by central, province and district in the following positions_Department General",Lao People's Democratic Republic,Percent,15.26
2016,Normal value,Units,Not Available,"Ministry of Home Affaires, http://www.moha.gov.la/",Annual,National,Percentage of women being the village chief,Lao People's Democratic Republic,Percent,2.67
2016,Normal value,Units,Not Available,"Ministry of Home Affaires, http://www.moha.gov.la/",Annual,National,Percentage of women being  the deputy village chief,Lao People's Democratic Republic,Percent,11.61
2018,Normal value,Units,Not Available,"Ministry of Home Affaires, http://www.moha.gov.la/",Annual,National,Percentage of women being the village chief,Lao People's Democratic Republic,Percent,2.35
2018,Normal value,Units,Not Available,"Ministry of Home Affaires, http://www.moha.gov.la/",Annual,National,Percentage of women being  the deputy village chief,Lao People's Democratic Republic,Percent,11.82
