Year,Observation status,Unit multiplier,Nature of data points,Source details,Frequency of observation,Reporting type,SERIES,Reference area,UNIT_MEASURE,Value
2015,Normal value,Units,Not Available,ILO,Annual,National,Annual growth rate of real GDP per employed person [8.2.1],Lao People's Democratic Republic,Percent,4.9
2016,Normal value,Units,Not Available,ILO,Annual,National,Annual growth rate of real GDP per employed person [8.2.1],Lao People's Democratic Republic,Percent,4.8
2017,Normal value,Units,Not Available,ILO,Annual,National,Annual growth rate of real GDP per employed person [8.2.1],Lao People's Democratic Republic,Percent,4.7
2018,Normal value,Units,Not Available,ILO,Annual,National,Annual growth rate of real GDP per employed person [8.2.1],Lao People's Democratic Republic,Percent,4.4
2019,Normal value,Units,Not Available,ILO,Annual,National,Annual growth rate of real GDP per employed person [8.2.1],Lao People's Democratic Republic,Percent,4.4
