Year,Observation status,Unit multiplier,Nature of data points,Source details,Frequency of observation,Reporting type,SERIES,Reference area,UNIT_MEASURE,Value
2015,Normal value,Units,Not Available,"Ministry of Industry and Commerce, http://www.erm.gov.la/index.php",Annual,National,Number of SMEs owned by Lao citizens (with Lao citizens as the majority shareholders),Lao People's Democratic Republic,Percent,2235
2016,Normal value,Units,Not Available,"Ministry of Industry and Commerce, http://www.erm.gov.la/index.php",Annual,National,Number of SMEs owned by Lao citizens (with Lao citizens as the majority shareholders),Lao People's Democratic Republic,Percent,2537
2017,Normal value,Units,Not Available,"Ministry of Industry and Commerce, http://www.erm.gov.la/index.php",Annual,National,Number of SMEs owned by Lao citizens (with Lao citizens as the majority shareholders),Lao People's Democratic Republic,Percent,2667
2018,Normal value,Units,Not Available,"Ministry of Industry and Commerce, http://www.erm.gov.la/index.php",Annual,National,Number of SMEs owned by Lao citizens (with Lao citizens as the majority shareholders),Lao People's Democratic Republic,Percent,2829
2019,Normal value,Units,Not Available,"Ministry of Industry and Commerce, http://www.erm.gov.la/index.php",Annual,National,Number of SMEs owned by Lao citizens (with Lao citizens as the majority shareholders),Lao People's Democratic Republic,Percent,3966
