Year,Observation status,Unit multiplier,Nature of data points,Source details,Frequency of observation,Reporting type,SERIES,Reference area,Sex,UNIT_MEASURE,Value
2015,Normal value,Units,Not Available,"Lao Statistics Bureau, survey-(PHC), https://www.lsb.gov.la/",Annual,National,"Proportion of informal employment, by sector and sex (ILO harmonized estimates) [8.3.1]",Lao People's Democratic Republic,,Percent,80.8
2015,Normal value,Units,Not Available,"Lao Statistics Bureau, survey-(PHC), https://www.lsb.gov.la/",Annual,National,"Proportion of informal employment, by sector and sex (ILO harmonized estimates) [8.3.1]",Lao People's Democratic Republic,Male,Percent,0.754
2015,Normal value,Units,Not Available,"Lao Statistics Bureau, survey-(PHC), https://www.lsb.gov.la/",Annual,National,"Proportion of informal employment, by sector and sex (ILO harmonized estimates) [8.3.1]",Lao People's Democratic Republic,Female,Percent,0.866
2017,Normal value,Units,Not Available,"Lao Statistics Bureau, survey-(LFS), https://www.lsb.gov.la/",Annual,National,"Proportion of informal employment, by sector and sex (ILO harmonized estimates) [8.3.1]",Lao People's Democratic Republic,,Percent,66.5
2017,Normal value,Units,Not Available,"Lao Statistics Bureau, survey-(LFS), https://www.lsb.gov.la/",Annual,National,"Proportion of informal employment, by sector and sex (ILO harmonized estimates) [8.3.1]",Lao People's Democratic Republic,Male,Percent,19.97
2017,Normal value,Units,Not Available,"Lao Statistics Bureau, survey-(LFS), https://www.lsb.gov.la/",Annual,National,"Proportion of informal employment, by sector and sex (ILO harmonized estimates) [8.3.1]",Lao People's Democratic Republic,Female,Percent,46.53
