Year,Observation status,Unit multiplier,Nature of data points,Source details,Frequency of observation,Reporting type,SERIES,Reference area,UNIT_MEASURE,Value
2015,Normal value,Units,Not Available,"Ministry of Industry and Commerce, http://www.erm.gov.la/index.php",Annual,National,Businesses owned by females,Lao People's Democratic Republic,Percent,10592
2016,Normal value,Units,Not Available,"Ministry of Industry and Commerce, http://www.erm.gov.la/index.php",Annual,National,Businesses owned by females,Lao People's Democratic Republic,Percent,11586
2017,Normal value,Units,Not Available,"Ministry of Industry and Commerce, http://www.erm.gov.la/index.php",Annual,National,Businesses owned by females,Lao People's Democratic Republic,Percent,11855
2018,Normal value,Units,Not Available,"Ministry of Industry and Commerce, http://www.erm.gov.la/index.php",Annual,National,Businesses owned by females,Lao People's Democratic Republic,Percent,11572
2019,Normal value,Units,Not Available,"Ministry of Industry and Commerce, http://www.erm.gov.la/index.php",Annual,National,Businesses owned by females,Lao People's Democratic Republic,Percent,15061
