Year,Observation status,Unit multiplier,Nature of data points,Source details,Frequency of observation,Reporting type,SERIES,Reference area,Sex,UNIT_MEASURE,Value
2015,Normal value,Units,Not Available,"Lao Statistics Bureau, survey-(PHC), https://www.lsb.gov.la/",Annual,National,"Proportion of youth not in education, employment or training [8.6.1]",Lao People's Democratic Republic,,Percent,18.5
2015,Normal value,Units,Not Available,"Lao Statistics Bureau, survey-(PHC), https://www.lsb.gov.la/",Annual,National,"Proportion of youth not in education, employment or training [8.6.1]",Lao People's Democratic Republic,Male,Percent,8.44
2015,Normal value,Units,Not Available,"Lao Statistics Bureau, survey-(PHC), https://www.lsb.gov.la/",Annual,National,"Proportion of youth not in education, employment or training [8.6.1]",Lao People's Democratic Republic,Female,Percent,10.06
2017,Normal value,Units,Not Available,"Lao Statistics Bureau, survey-(LFS), https://www.lsb.gov.la/",Annual,National,"Proportion of youth not in education, employment or training [8.6.1]",Lao People's Democratic Republic,,Percent,16.11
2017,Normal value,Units,Not Available,"Lao Statistics Bureau, survey-(LFS), https://www.lsb.gov.la/",Annual,National,"Proportion of youth not in education, employment or training [8.6.1]",Lao People's Democratic Republic,Male,Percent,7.83
2017,Normal value,Units,Not Available,"Lao Statistics Bureau, survey-(LFS), https://www.lsb.gov.la/",Annual,National,"Proportion of youth not in education, employment or training [8.6.1]",Lao People's Democratic Republic,Female,Percent,8.28
