Year,OBS_STATUS,UNIT_MULT,NATURE,SOURCE_DETAIL,FREQ,REPORTING_TYPE,SERIES,REF_AREA,UNIT_MEASURE,Value
2015,A,0,_X,"Ministry of Labor and Social Welfare, http://www.molsw.gov.la/",A,N,_L_LA_180202_01,LA,NUMBER,3322
2016,A,0,_X,"Ministry of Labor and Social Welfare, http://www.molsw.gov.la/",A,N,_L_LA_180202_01,LA,NUMBER,2843
2017,A,0,_X,"Ministry of Labor and Social Welfare, http://www.molsw.gov.la/",A,N,_L_LA_180202_01,LA,NUMBER,2399
2018,A,0,_X,"Ministry of Labor and Social Welfare, http://www.molsw.gov.la/",A,N,_L_LA_180202_01,LA,NUMBER,1983
2019,A,0,_X,"Ministry of Labor and Social Welfare, http://www.molsw.gov.la/",A,N,_L_LA_180202_01,LA,NUMBER,1526
2020,A,0,_X,"Ministry of Labor and Social Welfare, http://www.molsw.gov.la/",A,N,_L_LA_180202_01,LA,NUMBER,1091
