Year,OBS_STATUS,UNIT_MULT,NATURE,SOURCE_DETAIL,FREQ,REPORTING_TYPE,SERIES,REF_AREA,UNIT_MEASURE,Value
2015,A,0,_X,"Ministry of Health, https://moh.gov.la/",A,N,SH_TBS_INCD,LA,PER_100000_POP,182
2016,A,0,_X,"Ministry of Health, https://moh.gov.la/",A,N,SH_TBS_INCD,LA,PER_100000_POP,175
2017,A,0,_X,"Ministry of Health, https://moh.gov.la/",A,N,SH_TBS_INCD,LA,PER_100000_POP,168
2018,A,0,_X,"Ministry of Health, https://moh.gov.la/",A,N,SH_TBS_INCD,LA,PER_100000_POP,162
2019,A,0,_X,"Ministry of Health, https://moh.gov.la/",A,N,SH_TBS_INCD,LA,PER_100000_POP,155
