Year,OBS_STATUS,UNIT_MULT,NATURE,SOURCE_DETAIL,FREQ,REPORTING_TYPE,SERIES,REF_AREA,UNIT_MEASURE,Value
2016,A,0,_X,"Ministry of Home Affaires, http://www.moha.gov.la/",A,N,_L_LA_050502_01,LA,PT,22.96
2016,A,0,_X,"Ministry of Home Affaires, http://www.moha.gov.la/",A,N,_L_LA_050502_02,LA,PT,17.79
2016,A,0,_X,"Ministry of Home Affaires, http://www.moha.gov.la/",A,N,_L_LA_050502_03,LA,PT,16.03
2016,A,0,_X,"Ministry of Home Affaires, http://www.moha.gov.la/",A,N,_L_LA_050502_04,LA,PT,15.26
2016,A,0,_X,"Ministry of Home Affaires, http://www.moha.gov.la/",A,N,_L_LA_050502_06,LA,PT,2.67
2016,A,0,_X,"Ministry of Home Affaires, http://www.moha.gov.la/",A,N,_L_LA_050502_05,LA,PT,11.61
2018,A,0,_X,"Ministry of Home Affaires, http://www.moha.gov.la/",A,N,_L_LA_050502_06,LA,PT,2.35
2018,A,0,_X,"Ministry of Home Affaires, http://www.moha.gov.la/",A,N,_L_LA_050502_05,LA,PT,11.82
