Year,OBS_STATUS,UNIT_MULT,NATURE,SOURCE_DETAIL,FREQ,REPORTING_TYPE,SERIES,REF_AREA,UNIT_MEASURE,Value
2015,A,0,_X,"Ministry of Labor and Social Welfare, http://www.molsw.gov.la/",A,N,SL_EMP_INJUR,LA,NUMBER,40
2016,A,0,_X,"Ministry of Labor and Social Welfare, http://www.molsw.gov.la/",A,N,SL_EMP_INJUR,LA,NUMBER,53
2017,A,0,_X,"Ministry of Labor and Social Welfare, http://www.molsw.gov.la/",A,N,SL_EMP_INJUR,LA,NUMBER,20
2018,A,0,_X,"Ministry of Labor and Social Welfare, http://www.molsw.gov.la/",A,N,SL_EMP_INJUR,LA,NUMBER,39
2019,A,0,_X,"Ministry of Labor and Social Welfare, http://www.molsw.gov.la/",A,N,SL_EMP_INJUR,LA,NUMBER,50
